ProductDescriptionID	Description	ModifiedDate
3	Chromoly steel.	2007-06-01 00:00:00
4	Aluminum alloy cups; large diameter spindle.	2007-06-01 00:00:00
5	Aluminum alloy cups and a hollow axle.	2007-06-01 00:00:00
8	Suitable for any type of riding, on or off-road. Fits any budget. Smooth-shifting with a comfortable ride.	2007-06-01 00:00:00
64	This bike delivers a high-level of performance on a budget. It is responsive and maneuverable, and offers peace-of-mind when you decide to go off-road.	2007-06-01 00:00:00
88	For true trail addicts.  An extremely durable bike that will go anywhere and keep you in control on challenging terrain - without breaking your budget.	2007-06-01 00:00:00
128	Serious back-country riding. Perfect for all levels of competition. Uses the same HL Frame as the Mountain-100.	2008-03-11 10:32:17.973000000
168	Top-of-the-line competition mountain bike. Performance-enhancing options include the innovative HL Frame, super-smooth front suspension, and traction for all terrain.	2007-06-01 00:00:00
170	Suitable for any type of off-road trip. Fits any budget.	2007-06-01 00:00:00
209	Entry level adult bike; offers a comfortable ride cross-country or down the block. Quick-release hubs and rims.	2007-06-01 00:00:00
249	Value-priced bike with many features of our top-of-the-line models. Has the same light, stiff frame, and the quick acceleration we're famous for.	2007-06-01 00:00:00
320	Same technology as all of our Road series bikes, but the frame is sized for a woman.  Perfect all-around bike for road or racing.	2007-06-01 00:00:00
321	Same technology as all of our Road series bikes.  Perfect all-around bike for road or racing.	2007-06-01 00:00:00
337	A true multi-sport bike that offers streamlined riding and a revolutionary design. Aerodynamic design lets you ride with the pros, and the gearing will conquer hilly roads.	2007-06-01 00:00:00
375	Cross-train, race, or just socialize on a sleek, aerodynamic bike.  Advanced seat technology provides comfort all day.	2007-06-01 00:00:00
376	Cross-train, race, or just socialize on a sleek, aerodynamic bike designed for a woman.  Advanced seat technology provides comfort all day.	2007-06-01 00:00:00
409	Alluminum-alloy frame provides a light, stiff ride, whether you are racing in the velodrome or on a demanding club ride on country roads.	2007-06-01 00:00:00
457	This bike is ridden by race winners. Developed with the Adventure Works Cycles professional race team, it has a extremely light heat-treated aluminum frame, and steering that allows precision control.	2007-06-01 00:00:00
513	All-occasion value bike with our basic comfort and safety features. Offers wider, more stable tires for a ride around town or weekend trip.	2007-06-01 00:00:00
554	The plush custom saddle keeps you riding all day,  and there's plenty of space to add panniers and bike bags to the newly-redesigned carrier.  This bike has stability when fully-loaded.	2007-06-01 00:00:00
594	Travel in style and comfort. Designed for maximum comfort and safety. Wide gear range takes on all hills. High-tech aluminum alloy construction provides durability without added weight.	2007-06-01 00:00:00
613	Superior shifting performance.	2007-06-01 00:00:00
618	Super rigid spindle.	2007-06-01 00:00:00
619	High-strength crank arm.	2007-06-01 00:00:00
620	Triple crankset; alumunim crank arm; flawless shifting.	2007-06-01 00:00:00
627	All-weather brake pads; provides superior stopping by applying more surface to the rim.	2007-06-01 00:00:00
630	Wide-link design.	2007-06-01 00:00:00
633	Stout design absorbs shock and offers more precise steering.	2007-06-01 00:00:00
634	Composite road fork with an aluminum steerer tube.	2007-06-01 00:00:00
635	High-performance carbon road fork with curved legs.	2007-06-01 00:00:00
637	Our best value utilizing the same, ground-breaking frame technology as the ML aluminum frame.	2007-06-01 00:00:00
642	The ML frame is a heat-treated aluminum frame made with the same detail and quality as our HL frame. It offers superior performance. Men's version.	2007-06-01 00:00:00
644	The ML frame is a heat-treated aluminum frame made with the same detail and quality as our HL frame. It offers superior performance. Women's version.	2007-06-01 00:00:00
647	Each frame is hand-crafted in our Bothell facility to the optimum diameter and wall-thickness required of a premium mountain frame. The heat-treated welded aluminum frame has a larger diameter tube that absorbs the bumps.	2007-06-01 00:00:00
661	Made from the same aluminum alloy as our top-of-the line HL frame, the ML features a lightweight down-tube milled to the perfect diameter for optimal strength. Women's version.	2007-06-01 00:00:00
686	Replacement mountain wheel for entry-level rider.	2007-06-01 00:00:00
687	Replacement mountain wheel for the casual to serious rider.	2007-06-01 00:00:00
688	High-performance mountain replacement wheel.	2007-06-01 00:00:00
689	Replacement road front wheel for entry-level cyclist.	2007-06-01 00:00:00
690	Sturdy alloy features a quick-release hub.	2007-06-01 00:00:00
691	Strong wheel with double-walled rim.	2007-06-01 00:00:00
692	Aerodynamic rims for smooth riding.	2007-06-01 00:00:00
697	All-purpose bar for on or off-road.	2007-06-01 00:00:00
698	Tough aluminum alloy bars for downhill.	2007-06-01 00:00:00
699	Flat bar strong enough for the pro circuit.	2007-06-01 00:00:00
700	Unique shape provides easier reach to the levers.	2007-06-01 00:00:00
701	Anatomically shaped aluminum tube bar will suit all riders.	2007-06-01 00:00:00
702	Designed for racers; high-end anatomically shaped bar from aluminum alloy.	2007-06-01 00:00:00
703	Unique shape reduces fatigue for entry level riders.	2007-06-01 00:00:00
704	A light yet stiff aluminum bar for long distance riding.	2007-06-01 00:00:00
744	Threadless headset provides quality at an economical price.	2007-06-01 00:00:00
745	Sealed cartridge keeps dirt out.	2007-06-01 00:00:00
746	High-quality 1  threadless headset with a grease port for quick lubrication.	2007-06-01 00:00:00
847	Expanded platform so you can ride in any shoes; great for all-around riding.	2007-06-01 00:00:00
848	Lightweight, durable, clipless pedal with adjustable tension.	2007-06-01 00:00:00
849	Stainless steel; designed to shed mud easily.	2007-06-01 00:00:00
850	Clipless pedals - aluminum.	2007-06-01 00:00:00
851	Lightweight aluminum alloy construction.	2007-06-01 00:00:00
852	Top-of-the-line clipless pedals with adjustable tension.	2007-06-01 00:00:00
853	A stable pedal for all-day riding.	2007-06-01 00:00:00
856	Refillable shoes; polished aluminum calipers.	2007-06-01 00:00:00
858	10-speed aluminum derailleur with sealed pulley bearings.	2007-06-01 00:00:00
867	Replacement rear mountain wheel for entry-level rider.	2007-06-01 00:00:00
868	Replacement rear mountain wheel for the casual to serious rider.	2007-06-01 00:00:00
869	Extra-strong rims guarantee durability.	2007-06-01 00:00:00
870	Replacement rear wheel for entry-level cyclist.	2007-06-01 00:00:00
871	Aluminum alloy rim with stainless steel spokes; built for speed.	2007-06-01 00:00:00
872	Strong rear wheel with double-walled rim.	2007-06-01 00:00:00
873	Excellent aerodynamic rims guarantee a smooth ride.	2007-06-01 00:00:00
885	Synthetic leather. Features gel for increased comfort.	2007-06-01 00:00:00
886	Designed to absorb shock.	2008-03-11 10:32:17.973000000
887	Anatomic design for a full-day of riding in comfort. Durable leather.	2007-06-01 00:00:00
888	Lightweight foam-padded saddle.	2007-06-01 00:00:00
889	Rubber bumpers absorb bumps.	2007-06-01 00:00:00
890	Lightweight kevlar racing saddle. Leather.	2007-06-01 00:00:00
891	Comfortable, ergonomically shaped gel saddle.	2007-06-01 00:00:00
892	New design relieves pressure for long rides.	2007-06-01 00:00:00
893	Cut-out shell for a more comfortable ride.	2007-06-01 00:00:00
903	Comparible traction, less expensive wire bead casing.	2007-06-01 00:00:00
904	Great traction, high-density rubber.	2007-06-01 00:00:00
905	Incredible traction, lightweight carbon reinforced.	2007-06-01 00:00:00
906	Same great treads as more expensive tire with a less expensive wire bead casing.	2007-06-01 00:00:00
907	Higher density rubber.	2007-06-01 00:00:00
908	Lightweight carbon reinforced  for an unrivaled ride at an un-compromised weight.	2007-06-01 00:00:00
909	High-density rubber.	2007-06-01 00:00:00
912	Self-sealing tube.	2007-06-01 00:00:00
913	Conventional all-purpose tube.	2007-06-01 00:00:00
914	General purpose tube.	2007-06-01 00:00:00
1020	The LL Frame provides a safe comfortable ride, while offering superior bump absorption in a value-priced aluminum frame.	2007-06-01 00:00:00
1062	Made from the same aluminum alloy as our top-of-the line HL frame, the ML features a lightweight down-tube milled to the perfect diameter for optimal strength. Men's version.	2007-06-01 00:00:00
1090	Our lightest and best quality aluminum frame made from the newest alloy; it is welded and heat-treated for strength. Our innovative design results in maximum comfort and performance.	2007-06-01 00:00:00
1146	Lightweight butted aluminum frame provides a more upright riding position for a trip around town.  Our ground-breaking design provides optimum comfort.	2007-06-01 00:00:00
1182	The HL aluminum frame is custom-shaped for both good looks and strength; it will withstand the most rigorous challenges of daily riding. Men's version.	2007-06-01 00:00:00
1183	Affordable light for safe night riding - uses 3 AAA batteries	2007-06-01 00:00:00
1185	Aluminum cage is lighter than our mountain version; perfect for long distance trips.	2007-06-01 00:00:00
1186	AWC logo water bottle - holds 30 oz; leak-proof.	2007-06-01 00:00:00
1187	Carries 4 bikes securely; steel construction, fits 2  receiver hitch.	2007-06-01 00:00:00
1188	Clip-on fenders fit most mountain bikes.	2007-06-01 00:00:00
1189	Combination of natural and synthetic fibers stays dry and provides just the right cushioning.	2007-06-01 00:00:00
1191	Designed for convenience. Fits in your pocket. Aluminum barrel. 160psi rated.	2007-06-01 00:00:00
1192	Designed for the AWC team with stay-put straps, moisture-control, chamois padding, and leg grippers.	2007-06-01 00:00:00
1193	Durable, water-proof nylon construction with easy access. Large enough for weekend trips.	2007-06-01 00:00:00
1194	Full padding, improved finger flex, durable palm, adjustable closure.	2007-06-01 00:00:00
1195	Synthetic palm, flexible knuckles, breathable mesh upper. Worn by the AWC team riders.	2007-06-01 00:00:00
1196	Heavy duty, abrasion-resistant shorts feature seamless, lycra inner shorts with anti-bacterial chamois for comfort.	2007-06-01 00:00:00
1197	Includes 8 different size patches, glue and sandpaper.	2007-06-01 00:00:00
1199	Light-weight, wind-resistant, packs to fit into a pocket.	2007-06-01 00:00:00
1200	Men's 8-panel racing shorts - lycra with an elastic waistband and leg grippers.	2007-06-01 00:00:00
1201	Perfect all-purpose bike stand for working on your bike at home. Quick-adjusting clamps and steel construction.	2007-06-01 00:00:00
1202	Rechargeable dual-beam headlight.	2007-06-01 00:00:00
1203	Rugged weatherproof headlight.	2007-06-01 00:00:00
1205	Short sleeve classic breathable jersey with superior moisture control, front zipper, and 3 back pockets.	2007-06-01 00:00:00
1206	Simple and light-weight. Emergency patches stored in handle.	2007-06-01 00:00:00
1208	Thin, lightweight and durable with cuffs that stay up.	2007-06-01 00:00:00
1209	Tough aluminum cage holds bottle securly on tough terrain.	2007-06-01 00:00:00
1210	Traditional style with a flip-up brim; one-size fits all.	2007-06-01 00:00:00
1211	Unisex long-sleeve AWC logo microfiber cycling jersey	2007-06-01 00:00:00
1212	Universal fit, well-vented, lightweight , snap-on visor.	2007-06-01 00:00:00
1213	Versatile 70 oz hydration pack offers extra storage, easy-fill access, and a waist belt.	2007-06-01 00:00:00
1214	Warm spandex tights for winter riding; seamless chamois construction eliminates pressure points.	2007-06-01 00:00:00
1215	Washes off the toughest road grime; dissolves grease, environmentally safe. 1-liter bottle.	2007-06-01 00:00:00
1216	Wraps to fit front and rear tires, carrier and 2 keys included.	2007-06-01 00:00:00
1360	??????? ?????????	2007-06-01 00:00:00
1361	?????? ?? ????? ??????????? ??? ???? ????? ???? ?????.	2007-06-01 00:00:00
1362	?????? ?? ????? ?????????? ????? ????.	2007-06-01 00:00:00
1363	?????? ??? ??? ?? ????? ???????? ????? ??? ????? ??????? ?? ??? ???????. ?????? ??? ???????. ??? ????? ??? ?? ????? ?????.	2007-06-01 00:00:00
1364	???? ??? ??????? ????? ?????? ?? ?????? ?? ???? ??????? ?????. ??? ????? ????? ????????? ???????? ?????? ????????? ??? ???????? ??? ????????? ??????? ???? ???? ????? ?? ??????? ??? ????? ??? ???????.	2007-06-01 00:00:00
1365	?????? ????? ???????? ?? ??????? ??? ???????. ????? ????? ?????? ????? ???????? ??? ??? ?? ???? ??? ????? ?? ?? ???? ??? ????? ??????? ?? ??? ??? ?? ?????? ????????.	2007-06-01 00:00:00
1366	?????? ????????? ?? ??????? ???????. ????? ????? ????? ??????? ????????. ?????? ??? ???? HL Frame ???????? ?? ???? Mountain-100.	2007-06-01 00:00:00
1367	????? ?????? ????? ??????? ?? ?????? ?? ???? ????. ????? ?????? ????? ?????? ???? HL Frame ????????? ???????? ??????? ?? ??????? ???????? ???? ???? ???????? ????? ????? ???????.	2007-06-01 00:00:00
1368	?????? ????? ????? ??????? ??? ????? ??? ???????. ????? ??? ???????.	2007-06-01 00:00:00
1369	???? ????? ?????? ????????? ?? ????????? ??? ???? ????? ????? ????? ??? ????? ?????? ?? ?? ???? ???????. ????? ????? ???????? ????????? ????????? ????? ???????.	2007-06-01 00:00:00
1370	???? ????? ??? ??? ????? ?????????? ??? ????? ??????? ?? ????? ???? ?????? ????????. ???? ????? ????? ??? ????? ?? ?? ???? ???? ????? ????? ?? ???????.	2007-06-01 00:00:00
1371	???? ??? ??????? ???????? ?? ???? ?????? ????? ?????? ?????? ???? ???? ??????? ?? ?? ????? ???? ?????? ??????? ????????. ???? ????? ?????? ???? ?????? ?? ???????? ?????? ??????? ??? ????? ??????? ?? ??????? ?? ????????.	2007-06-01 00:00:00
1372	???? ??? ??????? ???????? ?? ???? ?????? ????? ?????? ?????. ???? ????? ?????? ?????? ???????? ????? ??????? ??? ????? ??????? ?? ??????? ?? ????????.	2007-06-01 00:00:00
1373	???? ????? ???? ?????? ?? ???????? ??? ????? ?????? ???? ?????? ???????? ??? ????? ?????? ???????. ???? ?? ??????? ?????????? ??????? ??????? ??????? ?? ?????????? ??? ???? ????? ????? ?????? ???????? ???? ????? ???????? ????? ????????.	2007-06-01 00:00:00
1374	????? ???????? ??? ??????? ??????? ???? ????? ?????? ??????????? ???????? ?????? ??? ?????? ?????? ?? ??????? ?? ???? ???????? ?? ???? ???????. ????? ?? ????? ??????? ???????? ?????? ???? ?????.	2007-06-01 00:00:00
1375	?????? ???????? ??? ??????? ??????? ???? ????? ?????? ??????????? ???????? ???????? ?????? ?????? ??? ?????? ?????? ?? ??????? ?? ???? ???????? ?? ???? ???????. ????? ??? ????? ??????? ???????? ?????? ???? ?????.	2007-06-01 00:00:00
1376	???? ?????? ??????? ?? ????? ???????? ????? ???? ?????? ?????? ?? ??? ?????? ????? ??? ?????? ?? ???? ???? ?????? ?? ?? ???? ????? ?????? ???? ? ???? ??????? ? ???? ????? ?????.	2007-06-01 00:00:00
1377	???? ??????? ???? ?????? ???????? ??????? ????????. ?????? ???? ?? ??????? ?? ???? ???? ???? ????????? Adventure Works Cycles? ??? ?? ????? ?????? ?? ?????????? ?????? ???????? ???????? ??? ??????? ????? ????? ???? ??????? ?????? ?? ???????.	2007-06-01 00:00:00
1378	???? ????? ????? ???? ????? ????????? ??? ????? ??? ????? ?????? ??????? ???????? ?? ????????. ??? ????? ??????? ???? ????? ??????? ?? ????? ??? ????? ??????? ?? ????? ?????? ?? ????? ????? ??????? ?????????.	2007-06-01 00:00:00
1379	?? ???? ??????? ?????? ??????? ?? ???? ????? ????? ?? ??? ????? ?? ??????? ???? ?????? ??? ???? ?? ???? ??????? ??????? ??????? ????? ????? ?????? ???? ?? ??? ????? ??? ???????. ?????? ??? ??????? ???????? ??? ??? ??????? ???????.	2007-06-01 00:00:00
1380	???? ???????? ????? ????? ??????? ?? ?????? ????? ???? ???????? ????? ?? ?????? ?????? ??? ?????? ???????.	2007-06-01 00:00:00
1381	?????? ??????? ????? ????? ?????? ??? ??????.	2007-06-01 00:00:00
1382	???? ????? ????? ?????? ???????? ?????????.	2007-06-01 00:00:00
1383	???? ????? ????? ?? ????? ?????????? ?????? ?????? ?? ??????? ???? ?? ????? ???? ?????? ??????.	2007-06-01 00:00:00
1384	???? ????? ???? ????? ????? ?? ??????.	2007-06-01 00:00:00
1385	?????? ??????? ??????? ??????? ?????? ??????????? ???????? ????? ??????? ???????.	2007-06-01 00:00:00
1386	??? ?????. ????? ??? ???? ????????? ?????? ???? ?? ??????.	2007-06-01 00:00:00
1387	????????? ??????? ?????? ??????? ??? ?????. ??? ?? ????? ??? ??????? ?????? ???? ????? ?????? ???????. ???? ?? ?????? ?????? ?? ?????? ??????? ??????? ??? ???? ????? ?????????. ???? ?????? ????? ?????????? ????? ??????? ??? ????? ??? ??? ?????.	2007-06-01 00:00:00
1388	???? ???? ?? ??? ???????.	2007-06-01 00:00:00
1389	???? ????? ??? ???? ??????.	2007-06-01 00:00:00
1390	???? ????? ???? ?????.	2007-06-01 00:00:00
1391	?????? ????? ??????? ????? ????? ????????? ???????? ??? ????? ??? ???? ?????.	2007-06-01 00:00:00
1392	????? ??? ?????? (???) ?????? ????? ???? ?????? ??????? ??? ???? ??????? ????? ????? ???? ?????? ????? ???? ?? ??? ??????? ??? ?????? ???????.	2007-06-01 00:00:00
1393	????? ???? ???????.	2007-06-01 00:00:00
1394	????? ??? ???? ??????? ????? ????? ???? ???.	2007-06-01 00:00:00
1395	???? ???? ????? ?????? ???????? ????? ??? ???? ????? ????? ?? ??????????.	2007-06-01 00:00:00
1396	???? ???? ????? ?????? ???????? ?? ??????? ????? ?????? ??? ?????? ??????.	2007-06-01 00:00:00
1397	???? ???? ??? ???? ???????? ????? ??? ?????? ??? ????? ?????? ?????????? ????????? ?? ???? ML ??????? ?? ??????????.	2007-06-01 00:00:00
1398	?? ???? ML ?? ???? ????? ?? ?????????? ?????? ??????? ????? ???? ?????? ????? ???? HL ????? ???. ??? ???? ????? ??????. ?????? ???????.	2007-06-01 00:00:00
1399	?? ???? ML ?? ???? ????? ?? ?????????? ?????? ??????? ????? ???? ?????? ????? ???? HL ????? ???. ??? ???? ????? ??????. ?????? ???????.	2007-06-01 00:00:00
1400	??? ?? ????? ?? ???? ?? ??? ??????? ?????? ?? ?????? ?????? Bothel ???? ??? ????? ???? ????? ??? ???? ?????? ???????? ????? ????? ????? ??????? ?? ?????? ?? ?????? ??????. ?????? ???? ?????????? ??????? ????????? ??????? ??????? ??? ??? ???? ???? ???????.	2007-06-01 00:00:00
1401	????? ???? ML ??? ?????? ????? ???? ????? ?? ??????? ???? ????? ??? ???? ??? ???? ???? ????? ?????? ??? ?? ??????? ?? ??? ????? ?????????? ???? ?? ????? ???? HL - ???? ??? ?? ???? ???????? - ????. ?????? ???????.	2007-06-01 00:00:00
1402	???? ???????? ????? ??????? ?? ?????? ?????? ???????? ?????????.	2007-06-01 00:00:00
1403	???? ???????? ????? ??????? ?? ?????? ????? ???? ????? ?????? ????? ?? ?????? ?????? ??? ?????? ???????.	2007-06-01 00:00:00
1404	???? ???????? ????? ??????? ?? ?????? ????? ??????.	2007-06-01 00:00:00
1405	???? ???? ?????? ????? ?????? ???????? ?????????.	2007-06-01 00:00:00
1406	????? ????? ????? ???? ????? ??? ???? ???? ???? ???????.	2007-06-01 00:00:00
1407	???? ???? ????? ????? ?? ??????.	2007-06-01 00:00:00
1408	???? ????? ??????????? ???????? ???????? ????????? ????? ????.	2007-06-01 00:00:00
1409	???? ????? ????? ????? ??????? ??? ????? ??????? ???? ???????.	2007-06-01 00:00:00
1410	????? ????? ???? ?? ????? ?????????? ?????? ??????? ??? ?????????.	2007-06-01 00:00:00
1411	???? ????? ???? ???? ????? ????? ?????? ?????????.	2007-06-01 00:00:00
1412	??? ???? ???? ?????? ???? ??? ???? ?????? ?? ??????.	2007-06-01 00:00:00
1413	???? ????? ?????? ????? ????? ?? ?????????? ?????? ?????? ????? ?? ???? ?????? ??????? ?????? ???? ???????.	2007-06-01 00:00:00
1414	???? ???? ????? ????? ?????? ????? ?? ???? ?????? ??????? ??? ????? ?? ????? ????????? ????? ??????????.	2007-06-01 00:00:00
1415	??? ???? ???? ???? ??????? ??? ?????? ?????????.	2007-06-01 00:00:00
1416	???? ????? ????? ?? ?????????? ???? ????? ????? ??? ????? ??????? ??????? ?????.	2007-06-01 00:00:00
1417	???? ?????? ??? ???????? ??? ?????? ??????? ?????? ???????? ????? ???? ??????? ?????? ???????? ????? ???????.	2007-06-01 00:00:00
1418	???? ???????? ????? ??????? ??????? ?? ??????.	2007-06-01 00:00:00
1419	???? ??? ?????? ??? ?????? ??????? ?????? ???????? ????? ???? ??????? ?????? 1 ???? ??? ???? ????? ????? ????? ????? ?????? ??????? ???? ????.	2007-06-01 00:00:00
1420	???? ????? ???? ???? ????? ??????? ??? ????? ???? ??? ???? ??????? ?????? ???????.	2007-06-01 00:00:00
1421	????? ????? ????? ????? ??????? ??? ????? ???? ??? ??? ???? ???????.	2007-06-01 00:00:00
1422	?????? ?? ??????? ???? ?? ????? ????? ?? ?????? ?????? ????? ??????.	2007-06-01 00:00:00
1423	??????? ??? ????? ???????? ?? ??????????.	2007-06-01 00:00:00
1424	?????? ????? ???????? ????? ?????.	2007-06-01 00:00:00
1425	??????? ?? ???? ???????? ???? ??? ???? ???????.	2007-06-01 00:00:00
1426	????? ????? ???????? ??????? ???? ?????.	2007-06-01 00:00:00
1427	????? ????? ??????? ?????? ????? ?????? ?? ?????????? ???????.	2007-06-01 00:00:00
1429	???? ????? ????? ?? ?????????? ?? ??? ????? ?? ????? ????? ?????.	2007-06-01 00:00:00
1430	???? ???????? ????? ????? ??????? ?? ?????? ???????? ?????????.	2007-06-01 00:00:00
1431	????? ??????? ???????.	2008-03-11 10:32:17.973000000
1432	????? ?????? ?? ???? ?????? ??????? ?????? ????? ????? ???? ?????. ??? ???? ??????.	2007-06-01 00:00:00
1433	???? ???? ????? ?? ??? ????.	2007-06-01 00:00:00
1434	????? ?????? ???? ???????.	2007-06-01 00:00:00
1435	???? ???? ???? ????? ????? ?? ???? ??????. ???.	2007-06-01 00:00:00
1436	???? ???????? ???? ???? ?????? ?? ???? ?????.	2007-06-01 00:00:00
1437	????? ???? ?????? ????? ??? ??????? ?????? ?????.	2007-06-01 00:00:00
1438	???? ????? ?? ?????? ?????? ???? ?? ?????? ????? ???????.	2007-06-01 00:00:00
1439	??? ?? ????? ???? ????????? ???? ???? ????? ????? ????? ?????.	2007-06-01 00:00:00
1440	??? ?? ?????? ???? ???? ???????.	2007-06-01 00:00:00
1441	??? ?? ?????? ????? ???? ???? ?????.	2007-06-01 00:00:00
1442	????? ??????? ?????? ???? ???? ???? ???????? ???????? ?????? ?????? ????? ???? ????? ???? ????? ????? ??? ?????.	2007-06-01 00:00:00
1443	???? ???? ????? ?? ???????? ??????.	2007-06-01 00:00:00
1444	????? ???? ???? ????? ?????? ?????? ?????? ?? ???? ????? ??????.	2007-06-01 00:00:00
1445	???? ???? ???????.	2007-06-01 00:00:00
1446	?????? ????? ?????.	2007-06-01 00:00:00
1447	?????? ??????? ????? ???? ???????.	2007-06-01 00:00:00
1448	?????? ?????? ???????.	2007-06-01 00:00:00
1449	???? ?????? LL Frame ????? ???? ??????? ?? ????? ??????? ????? ??????? ??????? ?? ???? ?? ?????????? ??? ????? ??????? ?????????.	2007-06-01 00:00:00
1450	????? ???? ML ??? ?????? ????? ????? ????? ?? ??????? ???? ????? ??? ???? ??? ???? ???? ????? ?????? ??? ?? ??????? ?? ??? ????? ?????????? ???? ?? ????? ???? HL - ???? ??? ?? ???? ???????? - ????. ?????? ???????.	2007-06-01 00:00:00
1451	??? ?? ????? ???? ??????? ?????????? ????? ????? ??????? ????? ?? ???? ??????? ????????? ??? ????? ???????? ??????? ?????? ????. ????? ??????? ???????? ???? ????? ?????? ???????.	2007-06-01 00:00:00
1452	???? ???? ?????????? ???? ??????? ???? ????? ??? ????? ???? ???????? ????? ?????? ?????? ?? ????? ??????. ???? ??????? ????????? ???? ????? ??????.	2007-06-01 00:00:00
1453	??? ?? ????? ??? ???? HL ??????? ?? ?????????? ?????? ?? ?? ???? ????? ??????? ??? ?? ??????? ?????? ???? ?????? ??????? ???????. ?????? ???????.	2007-06-01 00:00:00
1454	????? ??? ??? ????? ??????? ???? ??? ?????? ?????? 3 ??????? AAA.	2007-06-01 00:00:00
1455	???? ???? ?? ?????????? ??? ?? ????? ?? ?????? ?????? ??????? ?? ??????? ??? ????? ?? ??????? ??? ???????? ???????.	2007-06-01 00:00:00
1456	????? ???? ???? ???? AWC ?????? 840 ?????? ?? ??????? ??? ????? ??????.	2007-06-01 00:00:00
1457	???? 4 ?????? ???? ???? ?? ???? ???????? ?????? ???? ????? ?????? 2 ????.	2007-06-01 00:00:00
1458	????? ????? ?????? ????? ???? ???????? ??????? ??????? ?? ??????.	2007-06-01 00:00:00
1459	?????? ?? ?????? ??????? ???????? ??? ?????? ??????? ????? ?????? ??????.	2007-06-01 00:00:00
1460	????? ?????? ?????? ??????. ????? ??? ?????. ?????? ?? ??????????. ????? ??? ?? ?????? ???????.	2007-06-01 00:00:00
1461	????? ????? AWC ?? ????? ?????? ????? ?? ???????? ???? ?????? ??????? ???????.	2007-06-01 00:00:00
1462	?????? ????? ????? ?????? ????? ????? ???? ?????? ????? ??????. ????? ????? ????? ?????? ???? ????? ???????.	2007-06-01 00:00:00
1463	???? ?? ?? ???? ?????? ????? ????? ?????? ????? ??? ????? ????? ??? ???? ????? ???? ??????.	2007-06-01 00:00:00
1464	???? ?? ???? ?? ??????? ?????? ????? ????? ?????? ????? ???? ????? ??????. ?????? ????? ?????? ???? AWC.	2007-06-01 00:00:00
1465	????? ????? ?????? ?????? ?????????? ????? ??? ????? ?????? ???? ????? ?? ??????? ?????? ?? ???? ??????? ?????? ?????? ???? ???????? ?????? ??????.	2007-06-01 00:00:00
1466	???? 8 ??? ??? ?????? ?????? ????? ????? ?????? ???? ?????.	2007-06-01 00:00:00
1467	??? ????? ?????? ??????? ?????? ????? ??? ?????.	2007-06-01 00:00:00
1468	????? ???? ????? ??? ?????? ?????? ?? ???? ??????? ???? ???? ??? ??????? ???????.	2007-06-01 00:00:00
1469	???? ????? ????? ????? ??????? ????? ????? ?????? ???????. ????? ????? ????? ??????? ???????.	2007-06-01 00:00:00
1470	????? ????? ????? ??????? ???? ?????? ?????.	2007-06-01 00:00:00
1471	????? ????? ??? ???? ?????? ??????.	2007-06-01 00:00:00
1472	???? ???? ???? ??????? ??????? ???? ????? ?????? ????? ?? ???? ???? ?? ???????? ???? ????? ????? ?????? ?????? ???? ?????.	2007-06-01 00:00:00
1473	????? ?????? ?????. ??? ??? ??????? ????? ?? ???? ???????.	2007-06-01 00:00:00
1474	????? ?????? ????? ?????? ?????? ??? ????? ??? ?????.	2007-06-01 00:00:00
1475	???? ???? ?? ?????????? ????? ??????? ?????? ????? ??????? ??? ??????? ??????.	2007-06-01 00:00:00
1476	??? ?????? ?? ???? ????? ???????? ?????? ???? ???? ????? ??????.	2007-06-01 00:00:00
1477	???? ???? ???? ??????? ?????? ????? ??????? ????? ?? ???????????? ???? ???? AWC.	2007-06-01 00:00:00
1478	?????? ???? ???? ????? ???????? ?????? ????? ????? ??? ?? ????? ???? ?????? ???????? ????????.	2007-06-01 00:00:00
1479	???? ??? ????? ?????? ??????? ???????????? ??? 1.960 ???????? ????? ????? ????? ??????? ???????? ????? ????? ?? ???? ???.	2007-06-01 00:00:00
1480	????? ???????? ??????? ???????? ?? ?????????? ??????? ??????? ?? ??? ??????? ?? ?????? ??????? ?????????? ??? ?????? ?? ????? ?????.	2007-06-01 00:00:00
1481	?????? ????? ???? ????? ??????? ?????? ?????? ???????? ??? ???? ???? ??????. ????? ???? ??? ????.	2007-06-01 00:00:00
1482	????? ????? ???????? ??????? ???????? ????? ?????? ????????.	2007-06-01 00:00:00
1484	Acier chromé.	2007-06-01 00:00:00
1485	Cuvettes en alliage d'aluminium ; axe de grand diamètre.	2007-06-01 00:00:00
1486	Cuvettes en alliage d'aluminium et axe creux.	2007-06-01 00:00:00
1487	Adapté à tous les usages, sur route ou tout-terrain. Pour toutes les bourses. Changement de braquet en douceur et conduite confortable.	2007-06-01 00:00:00
1488	Ce vélo offre un excellent rapport qualité-prix. Vif et facile à manœuvrer, il se conduit en toute tranquillité sur les chemins et les sentiers.	2007-06-01 00:00:00
1489	Pour les véritables passionnés du VTT. Un vélo extrêmement robuste qui vous permettra d'aller partout, même sur les terrains difficiles, pour un budget raisonnable.	2007-06-01 00:00:00
1490	Conduite sur terrains très accidentés. Idéal pour tous les niveaux de compétition. Utilise le même cadre HL que le Montain-100.	2008-03-11 10:32:17.973000000
1491	VTT de compétition haut de gamme. Plusieurs options d'amélioration des performances : cadre HL, suspension avant particulièrement souple et traction adaptée à tous les terrains.	2007-06-01 00:00:00
1492	Adapté à tous les terrains. Pour toutes les bourses.	2007-06-01 00:00:00
1493	Vélo d'adulte d'entrée de gamme ; permet une conduite confortable en ville ou sur les chemins de campagne. Moyeux et rayons à blocage rapide.	2007-06-01 00:00:00
1494	Vélo très séduisant comportant de nombreuses caractéristiques des modèles haut de gamme. Bénéficie du cadre léger et rigide, mais aussi de la ligne performante qui ont fait notre réputation.	2007-06-01 00:00:00
1495	Équipé de la même technologie que tous nos vélos de route, avec un cadre femmes. Idéal pour la promenade ou la course sur route.	2007-06-01 00:00:00
1496	Équipé de la même technologie que tous nos vélos de route. Idéal pour la promenade ou la course sur route.	2007-06-01 00:00:00
1497	Un véritable vélo multi-sports, qui offre une conduite optimisée et une ligne révolutionnaire. Sa ligne aérodynamique vous permet de l'utiliser en course et ses vitesses de gravir les cols.	2007-06-01 00:00:00
1498	VTT, course ou promenade entre amis sur un vélo aérodynamique et léger. Bénéficie d'un système de selle perfectionné qui offre un confort optimal.	2007-06-01 00:00:00
1499	Tout terrain, course ou promenade entre amis sur un vélo aérodynamique et léger (cadre femmes). Bénéficie d'un système de selle perfectionné qui offre un confort optimal.	2007-06-01 00:00:00
1500	Cadre en alliage d'aluminium qui offre une conduite légère et rapide, sur pistes ou sur routes de campagne.	2007-06-01 00:00:00
1501	Ce vélo est destiné aux champions cyclistes. Mis au point par une équipe cycliste professionnelle, ce vélo possède un cadre en aluminium traité à chaud extrêmement léger et un guidon qui permet une conduite très précise.	2007-06-01 00:00:00
1502	Vélo de qualité pour tous usages, doté d'un bon niveau de confort et de sécurité. Présente des pneus plus larges et plus stables pour les sorties en ville ou les randonnées du week-end.	2007-06-01 00:00:00
1503	La selle rembourrée offre un confort optimal. Le porte-bagages nouvellement remanié offre diverses possibilités d'ajout de paniers ou de sacoches. Ce vélo reste parfaitement stable une fois chargé.	2007-06-01 00:00:00
1504	Voyagez confortablement et avec élégance. Confort et sécurité maximum. Large éventail de vitesses pour gravir toutes les côtes. Sa fabrication en alliage d'aluminium haute technologie est synonyme de robustesse, sans ajout de poids.	2007-06-01 00:00:00
1505	Système de changement de vitesse très performant.	2007-06-01 00:00:00
1506	Axe très rigide.	2007-06-01 00:00:00
1507	Manivelle haute résistance.	2007-06-01 00:00:00
1508	Pédalier triple plateaux ; manivelle en aluminium ; changement de braquet impeccable.	2007-06-01 00:00:00
1509	Patins de freinage pour tous les temps ; freinage renforcé par l'application d'une plus grande surface sur la jante.	2007-06-01 00:00:00
1510	Conception liaison large.	2007-06-01 00:00:00
1511	Conception robuste permettant d'absorber les chocs et d'offrir une conduite plus précise.	2007-06-01 00:00:00
1512	Fourche composite pour route avec tube de direction en aluminium.	2007-06-01 00:00:00
1513	Fourche pour route en carbone hautes performances avec bras incurvés.	2007-06-01 00:00:00
1514	Utilise la même technologie de cadre que celle adoptée sur le cadre en aluminium ML.	2007-06-01 00:00:00
1515	Le cadre ML est un cadre en aluminium traité à chaud fabriqué avec le même niveau de détail et de qualité que notre cadre HL. Il offre des performances exceptionnelles. Version hommes.	2007-06-01 00:00:00
1516	Le cadre ML est un cadre en aluminium traité à chaud fabriqué avec le même niveau de détail et de qualité que notre cadre HL. Il offre des performances exceptionnelles. Version femmes.	2007-06-01 00:00:00
1517	Doté du même alliage en aluminium que notre cadre HL haut de gamme, le ML possède un tube léger dont le diamètre est prévu pour offrir une résistance optimale. Version femmes.	2007-06-01 00:00:00
1518	Roue de secours tout-terrain pour vététiste occasionnel.	2007-06-01 00:00:00
1519	Roue de secours tout-terrain pour vététiste amateur à confirmé.	2007-06-01 00:00:00
1520	Roue de secours tout-terrain hautes performances.	2007-06-01 00:00:00
1521	Roue avant pour vélo de route pour cycliste occasionnel.	2007-06-01 00:00:00
1522	Alliage robuste avec moyeu à blocage rapide.	2007-06-01 00:00:00
1523	Roue solide avec jante double paroi.	2007-06-01 00:00:00
1524	Jantes aérodynamiques pour conduite en souplesse.	2007-06-01 00:00:00
1525	Barre d'appui tous usages pour conduite sur route ou tout-terrain.	2007-06-01 00:00:00
1526	Barres d'appui en alliage d'aluminium solide pour descente.	2007-06-01 00:00:00
1527	Barre d'appui plate suffisamment solide pour le circuit professionnel.	2007-06-01 00:00:00
1528	Forme très réussie destinée à faciliter l'accès aux leviers.	2007-06-01 00:00:00
1529	Barre d'appui avec tube en aluminium ergonomique pour répondre aux besoins de tous les cyclistes.	2007-06-01 00:00:00
1530	Conçu pour la compétition ; barre d'appui ergonomique haut de gamme en alliage d'aluminium.	2007-06-01 00:00:00
1531	Forme très réussie destinée à diminuer la fatigue des cyclistes occasionnels.	2007-06-01 00:00:00
1532	Barre d'appui en aluminium légère et solide pour les longues randonnées.	2007-06-01 00:00:00
1533	Jeu de direction de qualité sans filetage à un prix abordable.	2007-06-01 00:00:00
1534	Boîtier de protection hermétique.	2007-06-01 00:00:00
1535	Jeu de direction sans filetage 2,54 cm de grande qualité avec un dispositif de lubrification rapide.	2007-06-01 00:00:00
1536	Plate-forme allongée permettant de rouler avec tous types de chaussures ; idéal pour la randonnée.	2007-06-01 00:00:00
1537	Pédales automatiques légères et robustes avec tension réglable.	2007-06-01 00:00:00
1538	Acier inoxydable ; facile à nettoyer.	2007-06-01 00:00:00
1539	Pédales automatiques - aluminium.	2007-06-01 00:00:00
1540	Fabrication en alliage d'aluminium léger.	2007-06-01 00:00:00
1541	Pédales automatiques haut de gamme avec tension réglable.	2007-06-01 00:00:00
1542	Pédale stable pour longs trajets.	2007-06-01 00:00:00
1543	Bouchon de remplissage ; étriers en aluminium poli.	2007-06-01 00:00:00
1544	Dérailleur en aluminium 10 vitesses avec supports de galet hermétiques.	2007-06-01 00:00:00
1545	Roue de secours tout-terrain arrière pour vététiste occasionnel.	2007-06-01 00:00:00
1546	Roue de secours tout-terrain arrière pour vététiste amateur à confirmé.	2007-06-01 00:00:00
1547	Jantes très robustes, solidité garantie.	2007-06-01 00:00:00
1548	Roue de secours arrière pour cycliste occasionnel.	2007-06-01 00:00:00
1549	Jante en alliage d'aluminium avec rayons en acier inoxydable ; pour une vitesse optimale.	2007-06-01 00:00:00
1550	Roue arrière solide avec jante doublée.	2007-06-01 00:00:00
1551	Excellentes jantes aérodynamiques pour une conduite en souplesse.	2007-06-01 00:00:00
1552	Cuir synthétique. Confort amélioré grâce au couvre-selle en gel.	2007-06-01 00:00:00
1553	Conçu pour absorber les chocs.	2008-03-11 10:32:17.973000000
1554	Conception ergonomique pour randonnée longue distance confortable. Cuir de qualité.	2007-06-01 00:00:00
1555	Selle légère avec renfort en mousse.	2007-06-01 00:00:00
1556	Amortisseurs en caoutchouc pour absorber les bosses.	2007-06-01 00:00:00
1557	Selle de course légère en Kevlar. Cuir.	2007-06-01 00:00:00
1558	Selle confortable et ergonomique profilée avec couvre-selle en gel.	2007-06-01 00:00:00
1559	Nouvelle conception pour éviter la fatigue lors des longues randonnées.	2007-06-01 00:00:00
1560	Cadre profilé pour améliorer le confort.	2007-06-01 00:00:00
1561	Traction comparable aux modèles haut de gamme, gomme de pneu moins chère.	2007-06-01 00:00:00
1562	Grande traction, caoutchouc haute densité.	2007-06-01 00:00:00
1563	Traction exceptionnelle ; carbone léger renforcé.	2007-06-01 00:00:00
1564	Même dessin que les pneus plus chers, mais doté d'une gomme moins chère.	2007-06-01 00:00:00
1565	Caoutchouc plus dense que sur les autres modèles.	2007-06-01 00:00:00
1566	Carbone léger renforcé pour un confort de conduite inégalé, sans ajout de poids.	2007-06-01 00:00:00
1567	Caoutchouc haute densité.	2007-06-01 00:00:00
1568	Tube à autovulcanisation.	2007-06-01 00:00:00
1569	Tube classique tous usages.	2007-06-01 00:00:00
1570	Tube à usage générique.	2007-06-01 00:00:00
1571	Le cadre LL en aluminium offre une conduite confortable, une excellente absorption des bosses pour un très bon rapport qualité-prix.	2007-06-01 00:00:00
1572	Doté du même alliage en aluminium que notre cadre HL haut de gamme, le ML possède un tube léger dont le diamètre est prévu pour offrir une résistance optimale. Version hommes.	2007-06-01 00:00:00
1573	Notre cadre en aluminium plus léger et de qualité supérieure fabriqué à partir du tout dernier alliage ; cadre soudé et traité à chaud pour une meilleure résistance. Le résultat d'une conception innovante pour un confort et des performances maximum.	2007-06-01 00:00:00
1574	Cadre renforcé léger pour une position plus droite ; idéal pour les promenades en ville. Ligne remarquable pour un confort optimal.	2007-06-01 00:00:00
1575	Le cadre HL est profilé afin d'associer élégance et robustesse ; il est prévu pour résister à une utilisation quotidienne intensive. Version hommes.	2007-06-01 00:00:00
1576	Éclairage peu onéreux pour la conduite de nuit - utilise 3 piles AAA.	2007-06-01 00:00:00
1577	Le porte-bidon en aluminium est plus léger que la version VTT ; idéal pour les longues randonnées.	2007-06-01 00:00:00
1578	Bidon d'eau avec le logo de l'équipe AWC - capacité 0,75 litre, entièrement étanche.	2007-06-01 00:00:00
1579	Porte-vélo sécurisé pour 4 vélos ; fabrication en acier ; adaptable sur attache-remorque.	2007-06-01 00:00:00
1580	Garde-boue adapté à la plupart des VTT.	2007-06-01 00:00:00
1581	Combinaison de fibres naturelles et synthétiques ; reste sèche et offre le confort nécessaire.	2007-06-01 00:00:00
1582	Très pratique. Tient dans la poche. Corps en aluminium. 11,2 bars.	2007-06-01 00:00:00
1583	Conçu pour l'équipe professionnelle AWC, à bretelles, contrôle de l'humidité, peau de chamois et bande anti-remontée.	2007-06-01 00:00:00
1584	Fabrication en nylon résistant étanche d'accès facile. Suffisamment grand pour les randonnées du week-end.	2007-06-01 00:00:00
1585	Entièrement rembourré, amélioration de la souplesse de mouvement des doigts, paume renforcée, fermeture réglable.	2007-06-01 00:00:00
1586	Paume synthétique, poignets souples, ouverture maillée anti-transpiration. Adopté par les professionnels de l'équipe AWC.	2007-06-01 00:00:00
1587	Cuissards résistants à l'usure pour utilisation intensive, doublés à l'intérieur en Spandex, sans couture, peau de chamois anti-bactérie pour un meilleur confort.	2007-06-01 00:00:00
1588	Comprend 8 rustines de tailles différentes, de la colle et du papier de verre.	2007-06-01 00:00:00
1589	Sacs légers et résistants au vent ; tiennent dans la poche.	2007-06-01 00:00:00
1590	Cuissards de course pour hommes - en Spandex avec un élastique à la ceinture et bande anti-remontée.	2007-06-01 00:00:00
1591	Support de type home trainer idéal pour vous entraîner en intérieur (pour tous les modèles de vélo). Fixations rapides, fabrication en acier.	2007-06-01 00:00:00
1592	Feu avant rechargeable à deux faisceaux.	2007-06-01 00:00:00
1593	Feu avant robuste.	2007-06-01 00:00:00
1594	Maillot manches courtes classique et anti-transpiration avec contrôle de l'humidité, fermeture avant à glissière et 3 poches arrière.	2007-06-01 00:00:00
1595	Simple et léger. Rustines de secours rangées dans la poignée.	2007-06-01 00:00:00
1596	Fin, léger et résistant avec des poignets qui restent en place.	2007-06-01 00:00:00
1597	Porte-bidon en aluminium robuste qui maintient le bidon sur les terrains accidentés.	2007-06-01 00:00:00
1598	Style classique avec une visière relevable ; taille unique.	2007-06-01 00:00:00
1599	Maillot de cycliste en microfibre avec le logo de l'équipe AWV, manches longues, unisexe.	2007-06-01 00:00:00
1600	Légère, aérée, taille unique, avec une visière amovible.	2007-06-01 00:00:00
1601	Sac d'hydratation de 3 l polyvalent. Permet de stocker des aliments supplémentaires. Facile d'accès et fourni avec une ceinture.	2007-06-01 00:00:00
1602	Collants chauds en Spandex pour l'hiver ; fabrication en chamoisine sans couture pour éliminer les points de frottement.	2007-06-01 00:00:00
1603	Nettoie les saletés ; dissout la graisse. Protège l'environnement. Bouteille d'1 litre.	2007-06-01 00:00:00
1604	S'enroule pour s'adapter aux pneus avant et arrière, sac et deux clés fournis.	2007-06-01 00:00:00
1605	Chaque cadre est fabriqué artisanalement dans notre atelier de Bordeaux afin d'obtenir le diamètre et l'épaisseur adaptés à un vélo tout-terrain de premier choix. Le cadre en aluminium soudé à chaud présente un tube d'un plus grand diamètre, afin d'absorber les bosses.	2007-06-01 00:00:00
1606	???????????	2007-06-01 00:00:00
1607	????????????????????? ???????????????	2008-03-11 10:32:17.973000000
1608	????????????????????????????????	2008-03-11 10:32:17.973000000
1609	?????????????????????????? ?????????????????????  ????????????? ????????????????????????? ????????????????????????	2008-03-11 10:32:17.973000000
1610	?????????????????????????????? ?????????????  ?????????? ????? ????????????????????????????????????????????????????	2008-03-11 10:32:17.973000000
1611	????????????????????????????  ????????????????????????????? ????????????????????? ????????????????????????????????????????????? ????????????????????????	2008-03-11 10:32:17.973000000
1612	???????????????????????????  ???????????????????????????????????  ??????? HL ?????????????????? Mountain-100	2008-03-11 10:32:17.973000000
1613	?????????????????????????????????? ??????????????????????????????????????????????? ???? ???? HL ???????????? ?????????????????????????????????????????? ??????????????????????????????	2008-03-11 10:32:17.973000000
1614	????????????????????????????????  ?????????????	2007-06-01 00:00:00
1615	????????????????????????????????? ??????????????????????????????????????????????????????  ???????????????????????	2008-03-11 10:32:17.973000000
1616	???????????????????????? ??????????????????????????????????????????  ??????????????? ????? ??????????????????????????????????????	2008-03-11 10:32:17.973000000
1617	???????????????????????????? Road ??????? ?????????????????????????????????????  ??????????????????????????????? ???????????????????????????????????????	2008-03-11 10:32:17.973000000
1618	???????????????????????????? Road ???????  ??????????????????????????????? ???????????????????????????????????????	2008-03-11 10:32:17.973000000
1619	??????????????????????????????????????????????????? ????????????????????????  ???????????????????? ?????????????????????????????? ???????????????????????????????????????????????????????????	2008-03-11 10:32:17.973000000
1620	???????? ??????? ????????????????????????????????????????????????  ????????????????????????????????????????????????????????????????????	2008-03-11 10:32:17.973000000
1621	???????? ??????? ???????????????????????????????????????????????? ????????????????????????????????????????  ????????????????????????????????????????????????????????????????????	2008-03-11 10:32:17.973000000
1622	?????????????????????? ?????????????????? ?????? ????????????????????????????? ???????????????????????????????????	2008-03-11 10:32:17.973000000
1623	????????????????????????????????????  ???????????????????????? Adventure Works Cycles ????????????????????????????????????????????? ?????????????????????	2008-03-11 10:32:17.973000000
1624	????????????????????????? ??????????????????????????????????  ?????????????? ????????????????????????????????????????????????????????????	2008-03-11 10:32:17.973000000
1625	?????????????????????????????????????????????????? ???????????????? ???????????????????????????????????????? ????????????????? ???????????????	2008-03-11 10:32:17.973000000
1626	???????????????????????????????  ?????????????????????????????????????????????????  ??????????????? ?????????????????????  ????????????????????????????????????????????? ???????????????????????????	2008-03-11 10:32:17.973000000
1627	???????????????????????????????????????	2008-03-11 10:32:17.973000000
1628	???????????????	2008-03-11 10:32:17.973000000
1629	?????????????????????????	2008-03-11 10:32:17.973000000
1630	???????????????? ??????????????????? ????????????????????????????????	2008-03-11 10:32:17.973000000
1631	????????????????????????? ????????????????????? ??????????????????????????????	2008-03-11 10:32:17.973000000
1632	????????????????????????????	2007-06-01 00:00:00
1633	?????????????????? ????????????????????????????????????	2008-03-11 10:32:17.973000000
1634	????????????????? ???????????????????????????	2008-03-11 10:32:17.973000000
1635	??????????????????????????????? ???????????	2008-03-11 10:32:17.973000000
1636	????????????????????????????????????????????????????????????????????? ML	2007-06-01 00:00:00
1637	???? ML ?????????????????????????????? ??????????????????????????????????? HL  ??????????????????????????  ????????????????????????	2008-03-11 10:32:17.973000000
1638	???? ML ?????????????????????????????? ??????????????????????????????????? HL  ??????????????????????????  ???????????????????????	2008-03-11 10:32:17.973000000
1639	???????????????????????????????????????? Bothell ???????????????????????????????????????????????????????????????????  ?????????????????????????????? ?????????????????????????????????????	2008-03-11 10:32:17.973000000
1640	?????????????????????????????????????????????? HL ???? ML ??????????????? ???????????????????????????????????????????  ???????????????????????	2008-03-11 10:32:17.973000000
1641	???????????????????????????????????????????????	2008-03-11 10:32:17.973000000
1642	??????????????????????????????????????????????????????????	2008-03-11 10:32:17.973000000
1643	???????????????????????????????????	2008-03-11 10:32:17.973000000
1644	???????????????????????????????????????????????????	2008-03-11 10:32:17.973000000
1645	?????????????????????? ??????????????????	2008-03-11 10:32:17.973000000
1646	?????????????????????????????????????	2008-03-11 10:32:17.973000000
1647	????????????????????????????????????????????	2008-03-11 10:32:17.973000000
1648	????????????????????????????????????	2008-03-11 10:32:17.973000000
1649	??????????????????????????? ????????????????????????	2008-03-11 10:32:17.973000000
1650	???????????? ??????????????????????????????	2008-03-11 10:32:17.973000000
1651	??????????????????????? ??????????????????????????	2008-03-11 10:32:17.973000000
1652	??????????????????????????????????????? ???????????????????????	2008-03-11 10:32:17.973000000
1653	??????????????????? ????????????????????????????????????????????? ???????????????????????	2008-03-11 10:32:17.973000000
1654	??????????????????????????????????????????????????????????????	2008-03-11 10:32:17.973000000
1655	???????????????????????????? ??? ????????????????????????	2008-03-11 10:32:17.973000000
1656	??????????????????????????? ??????????????????????	2008-03-11 10:32:17.973000000
1657	?????????????????????????????	2008-03-11 10:32:17.973000000
1658	???????????????????????????????????? ???? 1 ????????????????????????????????????????????????	2008-03-11 10:32:17.973000000
1659	?????????????? ????????????????????????????????????? ???????????????????????????????	2008-03-11 10:32:17.973000000
1660	???????????????? ????? ????????? ???????????????????????	2008-03-11 10:32:17.973000000
1661	??????????? ????????????????????????????????????	2008-03-11 10:32:17.973000000
1662	??????????????? - ??????????	2008-03-11 10:32:17.973000000
1663	?????????????????????????????????????	2008-03-11 10:32:17.973000000
1664	????????????????? ????????? ??????????????	2007-06-01 00:00:00
1665	??????????????? ???????????????????????	2008-03-11 10:32:17.973000000
1666	?????????????????????????????? ??????????????????????????????	2008-03-11 10:32:17.973000000
1667	?????????????????? 10 ?????????????????????????????????	2008-03-11 10:32:17.973000000
1668	???????????????????????????????????????????????????	2008-03-11 10:32:17.973000000
1669	????????????????????????????????????????????????????????????	2008-03-11 10:32:17.973000000
1670	?????????????????????????????????????????????????????	2008-03-11 10:32:17.973000000
1671	???????????????????????????????????????	2008-03-11 10:32:17.973000000
1672	??????????????????????????????????????? ?????????????????	2008-03-11 10:32:17.973000000
1673	?????????????????????????????????????????	2008-03-11 10:32:17.973000000
1674	??????????????????????????????????????????	2008-03-11 10:32:17.973000000
1675	??????????????  ?????????????????????????	2008-03-11 10:32:17.973000000
1676	???????????????????????????????????	2008-03-11 10:32:17.973000000
1677	??????????????????????? ???????????????????????????????????  ?????????????????	2008-03-11 10:32:17.973000000
1678	????????????????????????	2008-03-11 10:32:17.973000000
1679	????????????????????	2008-03-11 10:32:17.973000000
1680	????????????????????????? ?????????? ?????????	2008-03-11 10:32:17.973000000
1681	???????????????? ???????? ?????????????????????????	2008-03-11 10:32:17.973000000
1682	????????????????????????????????????????????????	2008-03-11 10:32:17.973000000
1683	????????????????????????????????????	2008-03-11 10:32:17.973000000
1684	?????????????????????????????????? ?????????????????????????	2007-06-01 00:00:00
1685	?????????????????????? ?????????????????????	2008-03-11 10:32:17.973000000
1686	????????????????? ??????????????????????	2008-03-11 10:32:17.973000000
1687	??????????????????????????????????? ????????????????????????????	2008-03-11 10:32:17.973000000
1688	?????????????????????????????????	2008-03-11 10:32:17.973000000
1689	?????????????????????? ??????????????????????????? ?????????????????????????????	2008-03-11 10:32:17.973000000
1690	?????????????????	2008-03-11 10:32:17.973000000
1691	????????????????????	2008-03-11 10:32:17.973000000
1692	??????????????????????	2008-03-11 10:32:17.973000000
1693	?????????????????????????	2008-03-11 10:32:17.973000000
1694	???? LL ?????????????????????????????? ???????????????????????? ????????????????????????????	2008-03-11 10:32:17.973000000
1695	?????????????????????????????????????????????? HL ???? ML ??????????????? ?????????????????????????????????  ????????????????????????	2008-03-11 10:32:17.973000000
1696	????????????????????????????????????????????? ???????????????????????? ?????????????????????????????????????????  ????????????????????? ??????????????????????????????????????????????	2008-03-11 10:32:17.973000000
1697	???????????????????????? ????????????????????????????? ??????????????  ???????????????????????????????????	2008-03-11 10:32:17.973000000
1698	?????????????? HL ????????????????????????????? ?????????????????????????????? ?????????????????????????????????????  ????????????????????????	2008-03-11 10:32:17.973000000
1699	??????????????????????????????????????????????? - ???????????? AAA 3 ????	2008-03-11 10:32:17.973000000
1700	??????????????????????????????????????? ????????????????????????????	2008-03-11 10:32:17.973000000
1701	?????????????? AWC - ????? 30 ????? ??????????????????????	2008-03-11 10:32:17.973000000
1702	??????????????? 4 ??????????????? ?????????????????????? ?????????????????? 2 ????	2008-03-11 10:32:17.973000000
1703	????????????????????? ?????????????????????????	2008-03-11 10:32:17.973000000
1704	????????????????????????????????????????? ?????????????????????????????????	2008-03-11 10:32:17.973000000
1705	????????????????????  ???????????? ??????????????  ????????????????  ???? 160psi	2008-03-11 10:32:17.973000000
1706	???????????????????????? AWC ??????????? ????????????????? ????????? ???????????	2008-03-11 10:32:17.973000000
1707	????? ???????????????? ??????????  ????????????????????????????????????????????	2008-03-11 10:32:17.973000000
1708	????????????? ??????????????????????? ??????????????? ?????????????	2008-03-11 10:32:17.973000000
1709	???????????????????? ??????????????? ?????????????????????????????  ??????????????????????????????? AWC	2008-03-11 10:32:17.973000000
1710	???????????? ???????????? ?????????????????????????????? ???????????????????????????????? ???????	2008-03-11 10:32:17.973000000
1711	??????????????????? 8 ???? ??? ?????????????	2008-03-11 10:32:17.973000000
1712	?????????? ????? ???????????????????????	2008-03-11 10:32:17.973000000
1713	?????????? 8 ???????????????????? - ??????????????????????????????????????	2008-03-11 10:32:17.973000000
1714	?????????????????????????????????????????????????????????  ??????????????? ?????????????????????	2008-03-11 10:32:17.973000000
1715	??????????????????????????	2008-03-11 10:32:17.973000000
1716	?????????????? ??????	2008-03-11 10:32:17.973000000
1717	?????????????????????? ??????????????? ?????????????? ??????? ???????????????? 3 ??	2008-03-11 10:32:17.973000000
1718	????????? ??????????  ?????????????????????????????????	2008-03-11 10:32:17.973000000
1719	??? ?????????? ???????? ??????????????????????	2007-06-01 00:00:00
1720	??????????????????????? ?????????????????????????????	2008-03-11 10:32:17.973000000
1721	??????????? ??????????? ??????????????	2008-03-11 10:32:17.973000000
1722	????????????????????????? AWC	2008-03-11 10:32:17.973000000
1723	????????????????? ??????????????? ??????????	2008-03-11 10:32:17.973000000
1724	???????? 70 ????? ????????????????????? ???????? ??????????????	2008-03-11 10:32:17.973000000
1725	???????????????????????????????????????????????? ????????????????????????????????	2008-03-11 10:32:17.973000000
1726	?????????????????????????????? ??????????? ???????????????????????????????  ???????? 1 ????	2008-03-11 10:32:17.973000000
1727	?????????????????????????????????? ?????????????????????????	2008-03-11 10:32:17.973000000
1728	???? ??????? (????-??????????)	2007-06-01 00:00:00
1729	??????? ??????? ?????????; ??? ???-????.	2007-06-01 00:00:00
1730	??????? ??????? ????????? ???? ????.	2007-06-01 00:00:00
1731	??????? ??? ??? ?????, ?????? ?????? ???????? ????. ??????? ??? ?????. ????? ??????? ???? ??? ?? ????? ????.	2007-06-01 00:00:00
1732	??????? ??? ?????? ??? ??????? ????? ????? ????.  ?? ????? ????? ?????? ???????  ??? ???  ??????? ???? ????????.	2008-03-11 10:32:17.973000000
1733	??????? ??????? ?????? ??? ?? ???. ??????? ?????? ?????? ????? ????? ??? ??? ???? ???? ???? ?? ?????? ???? ????? – ??? ????? ???? ??????.	2007-06-01 00:00:00
1734	?????? ?????? ?????? ??????. ??????? ??? ??? ?? ?????. ???????? ??? ???? ????? ?- HL Frame (????? HL) ??? ??? ?????? ???? Mountain-100 (100-????)	2007-06-01 00:00:00
1735	????? ???? ???????? ?????? ???????. ???????? ?????? ??????? ??????? HL Frame (????? (HL, ????? ???? ??? ?????? ?????? ???? ??????? ??? ???? ????.	2007-06-01 00:00:00
1736	??????? ??? ??? ????? ???????. ??????? ??? ?????.	2007-06-01 00:00:00
1737	????? ??????? ????????; ?????? ????? ????  ???? ????  ?? ????? ?????. ?????? ???????? ?????? ????.	2007-06-01 00:00:00
1738	??????? ??????? ????? ????? ?????? ????? ???? ??????? ???? ??? ?????? ????. ????????? ?????? ?????? ????? ?????? ?????? ???? ??? ????????.	2007-06-01 00:00:00
1739	????????? ??? ??? ????? ?????? ????  ????  ????, ???? ?????? ????? ?????? ?????. ??????? ???????? ??? ???? ????? ?????????.	2007-06-01 00:00:00
1740	????????? ??? ??? ?????? ?????? ????  ????  ????. ??????? ???????? ??? ???? ????? ?????????.	2007-06-01 00:00:00
1741	??????? ????? ??????? ????? ????? ?????? ??????? ????? ???? ?????? ??????. ????? ??????????? ????? ????? ?? ???????? ??????? ????? ??????? ?????? ?? ?? ??? ?????.	2007-06-01 00:00:00
1742	????? ?????, ????? ?? ??? ????? ????? ?? ??????? ??????? ??????????????. ????????? ?????? ?? ????? ????? ????? ????? ?? ????.	2007-06-01 00:00:00
1743	????? ?????, ????? ?? ??? ????? ????? ?? ??????? ???? ????? ????? ???????????? ?????. ????????? ?????? ?? ????? ????? ????? ????? ?? ????.	2007-06-01 00:00:00
1744	????? ??????? ????????? ????? ????? ??? ??????, ??? ?? ?????? ?????? ???? ?? ?????? ?????? ??????? ?????? ??????.	2007-06-01 00:00:00
1745	??????? ??? ?????? ?? ????? ????????. ????????, ?????? ??? ?? ???? ??????? ?? Adventure Works Cycles (????? ?????), ?? ????? ????????? ??? ????? ??????? ???? ?????? ?????? ????? ??????.	2007-06-01 00:00:00
1747	????? ????? ??? ???? ?? ?????? ?????? ???????? ???????? ????. ?????? ?????? ????? ??????? ???? ?????? ????? ???? ?? ?????? ???????.	2007-06-01 00:00:00
1748	????? ?????? ??????? ????? ????? ????? ????? ???? ???? ????? ???? ?? ?????? ???? ???? ????? ??????? ????? ????? ????. ??????? ??? ?????? ?? ?????? ?? ????? ???.	2007-06-01 00:00:00
1749	????? ??????? ?????. ????? ?????? ???? ?????? ????????. ???? ??? ?? ?????? ??????? ????? ?????? ?? ?? ????????. ???? ?????? ????????? ???? ??? ???? ?????? ??? ????? ????.	2007-06-01 00:00:00
1750	?????? ?????? ?????? ???????.	2007-06-01 00:00:00
1751	??? ???? ??????.	2007-06-01 00:00:00
1752	???? ?????? ????? ?????.	2007-06-01 00:00:00
1753	???? ?????? ??????, ???? ?????? ??????????, ????? ??????? ?????.	2007-06-01 00:00:00
1754	?????? ????? ???????? ??? ??? ?????; ?????? ????? ????? ??-??? ???? ???? ??? ??????.	2007-06-01 00:00:00
1755	????? ???-??????.	2007-06-01 00:00:00
1756	????? ??? ???? ??????? ????? ????? ????? ????.	2007-06-01 00:00:00
1757	???? ???? ????? ?? ????? ???? ????? ??????????.	2007-06-01 00:00:00
1758	???? ???? ????? ?? ?????? ????? ???????? ??????.	2007-06-01 00:00:00
1759	?????? ????? ????? ???? ?????? ?????????? ????? ?????? ??? ??? ?????? ?????? ML ??????????.	2007-06-01 00:00:00
1760	????? ?- ML ??? ????? ????????? ????? ???? ??????? ????? ????? ?????? ??? ?????? HL ????. ??? ????? ??????? ??????. ????? ??????.	2007-06-01 00:00:00
1761	????? ?- ML ??? ????? ????????? ????? ???? ??????? ????? ????? ?????? ??? ?????? HL ????. ??? ????? ??????? ??????. ????? ?????.	2007-06-01 00:00:00
1763	????? ????? ???? ?????? ????? ????? – ????? ??????? ????? AAA	2007-06-01 00:00:00
1764	???? ?????????? ?? ???? ???? ?????? ?????? ????; ????? ???? ????? ??????? ??????.	2007-06-01 00:00:00
1765	????? ??? ?????? AWC – ???? 850 ???; ???? ???? ?????.	2007-06-01 00:00:00
1766	???? 4 ????? ??????? ?????; ???? ????; ????? ????? ???? ?? 2 ????'.	2007-06-01 00:00:00
1767	?????? ??????? ???????? ???? ??????? ?????? ?????.	2007-06-01 00:00:00
1768	?? ????? ?????? ????? ????? ???? ?- Bothell, ????? ????? ????? ????? ??????????? ??????? ?????? ????? ????? ?????? ?????. ?????? ?????????? ??????? ??????? ????, ?? ????? ????? ???? ???? ????? ?? ??????.	2007-06-01 00:00:00
1770	????? ?- ML, ?????? ?????? ????????? ??? ??? ?????? ????? ????? HL ???? ?????? ????, ???????? ???? ?????? ??? ???? ?????? ????? ?????? ????? ????? ????????. ????? ?????.	2007-06-01 00:00:00
1771	???? ????? ?????? ????? ????? ??????.	2007-06-01 00:00:00
1772	???? ????? ?????? ????? ????? ????? ???????.	2007-06-01 00:00:00
1773	???? ????? ???? ??????? ?????? ?????.	2007-06-01 00:00:00
1774	???? ????? ???? ?????? ???? ????? ??????.	2007-06-01 00:00:00
1775	?????? ????? ??????? ?? ?????? ?????? ????? ?? ???? ?????.	2007-06-01 00:00:00
1776	???? ??? ?? ????? ??? ????? ?????.	2007-06-01 00:00:00
1777	??????? ????????????? ?????? ????.	2007-06-01 00:00:00
1778	????? ??? ???? ?????? ???? ????????.	2007-06-01 00:00:00
1779	????? ?????? ??????? ????????? ?????? ?????.	2007-06-01 00:00:00
1780	???? ????? ????? ????? ???? ????? ???????.	2007-06-01 00:00:00
1781	???? ??????? ????? ???? ??? ???? ?????? ????????.	2007-06-01 00:00:00
1782	????? ????????? ????? ??????? ????? ??????? ?????? ??? ????.	2007-06-01 00:00:00
1783	????? ?????? ???????; ???? ??????? ??????? ????? ??????? ??????? ?????????.	2007-06-01 00:00:00
1784	???? ??????? ??????? ??????? ????? ??????.	2007-06-01 00:00:00
1785	???? ????????? ??? ?? ?? ??? ????? ?????? ??????? ??????.	2007-06-01 00:00:00
1786	???? ????? ????? ????? ????? ????? ??????.	2007-06-01 00:00:00
1787	???? ????? ????? ???? ?????.	2007-06-01 00:00:00
1788	???? ????? ????? ????? 1 ????' ?? ??? ???? ????? ?????.	2007-06-01 00:00:00
1789	???? ?????? ????? ?????? ?????? ??? ???? ??????; ????? ?????? ??? ????.	2007-06-01 00:00:00
1790	????? ????? ????? ????? ?? ???? ???????.	2007-06-01 00:00:00
1791	???? ??-???; ????? ????? ??? ?????.	2007-06-01 00:00:00
1792	?????? ??? ????? – ?????????.	2007-06-01 00:00:00
1793	???? ?????? ????????? ?? ????.	2007-06-01 00:00:00
1794	?????? ?????? ????? ?????? ??????? ?? ???? ???????.	2007-06-01 00:00:00
1795	????? ????? ??????? ?????? ????? ?? ????.	2007-06-01 00:00:00
1796	?????? ?????? ????; ????? ?????????? ?????.	2007-06-01 00:00:00
1797	???? ????????? ?- 10 ???????? ?? ????? ????? ?????.	2007-06-01 00:00:00
1799	???? ????? ????? ?????? ????? ????? ??????.	2007-06-01 00:00:00
1800	???? ????? ????? ?????? ????? ????? ????? ???????.	2007-06-01 00:00:00
1801	??????? ????? ?????? ???????? ??????.	2007-06-01 00:00:00
1802	???? ????? ????? ????? ??????.	2007-06-01 00:00:00
1803	????? ??????? ????????? ?? ??????? ????? ??-???; ?????? ???????.	2007-06-01 00:00:00
1804	???? ????? ??? ?? ????? ??? ????? ?????.	2007-06-01 00:00:00
1805	??????? ????????????? ??????? ??????? ????? ????.	2007-06-01 00:00:00
1806	??? ???????. ??????? ??'? ?????? ??????.	2007-06-01 00:00:00
1807	????? ?????? ???????.	2008-03-11 10:32:17.973000000
1808	????? ?????? ?????? ???? ????? ?? ????. ??? ????.	2007-06-01 00:00:00
1809	???? ??-???? ????? ????.	2007-06-01 00:00:00
1810	????? ???? ??????? ?????.	2007-06-01 00:00:00
1811	???? Kevlar ??-???? ???????. ???.	2007-06-01 00:00:00
1812	???? ?'? ??? ??? ????? ????????.	2007-06-01 00:00:00
1813	????? ??? ????? ??? ??????? ??????.	2007-06-01 00:00:00
1814	????? ????? ?????? ???? ????.	2007-06-01 00:00:00
1815	????? ???? ???? ????? ?????? ?????????, ????? ???? ???? ???? ????.	2007-06-01 00:00:00
1816	????? ???? ?????, ???? ??????? ?????.	2007-06-01 00:00:00
1817	????? ???? ??? ????; ????? ??-???? ?????.	2007-06-01 00:00:00
1818	????? ???? ???? ???? ??????? ??????? ????? ????, ???? ?? ????? ???? ???? ???? ????.	2007-06-01 00:00:00
1819	???? ??????? ????? ???? ???? ????? ?????.	2007-06-01 00:00:00
1820	??-???? ????? ????? ?????? ???? ???? ?????? ??? ?????.	2007-06-01 00:00:00
1821	???? ??????? ?????.	2007-06-01 00:00:00
1822	?????? ?? ????? ?????.	2007-06-01 00:00:00
1823	?????? ???????????? ??? ????.	2007-06-01 00:00:00
1824	?????? ?????? ??????.	2007-06-01 00:00:00
1825	????? ?- LL ????? ????? ????? ????? ??? ???, ????? ????? ????? ????? ?? ????? ????????? ????? ????.	2007-06-01 00:00:00
1826	????? ?- ML, ?????? ?????? ????????? ??? ??? ?????? ????? ????? HL ???? ?????? ????, ???????? ???? ?????? ??? ???? ?????? ????? ?????? ????? ????? ????????. ????? ??????.	2007-06-01 00:00:00
1827	????? ?????????? ???? ????????? ????? ???? ????? ???????? ?????? ?????; ?????? ????, ??? ?????? ??????? ????. ?????? ?????? ???? ?? ???? ????? ?????? ????????? ??????.	2007-06-01 00:00:00
1828	????? ??? ???? ?????????? ???? ????? ????? ????? ????? ???? ??????? ???? ????. ?????? ?????? ???? ???? ????? ?????.	2007-06-01 00:00:00
1829	????? ?- HL ?????????? ?????? ?????? ?? ????? ??? ??? ?????; ??? ????? ??????? ???????? ????? ?? ????? ????????. ????? ??????.	2007-06-01 00:00:00
1830	????? ?? ????? ?????? ????????? ???? ??? ????? ????? ?? ?????? ?????.	2007-06-01 00:00:00
1831	????? ?????? ??????. ????? ????. ???? ?????????. 160 psi ??????.	2007-06-01 00:00:00
1832	????? ???? ?????? ?? AWC ?? ?????? ?????, ???? ????, ????? ???? ?? ?????? ???????.	2007-06-01 00:00:00
1833	???? ?????? ???? ????? ???? ?? ???? ???. ???? ????? ?????? ???????.	2007-06-01 00:00:00
1834	????? ???, ?????? ????? ?????? ???????, ?????? ????? ?? ???, ????? ????? ??????.	2007-06-01 00:00:00
1835	???? ?? ?? ????? ??????, ?????? ??????, ??? ????? ???? ??????. ???? ??-??? ????? ????? AWC.	2007-06-01 00:00:00
1836	??????? ????? ??????? ??????, ????? ????? ????????? ???? ????? ??????? ???? ????? ???? ?? ????-???????? ?????? ?????.	2007-06-01 00:00:00
1837	???? 8 ????? ?????? ?????, ??? ????? ??????.	2007-06-01 00:00:00
1838	??-????, ??? ????, ????? ????? ?????? ????.	2007-06-01 00:00:00
1839	????? ????? ????? ????????, 8 ????? – ?????? ?????? ?? ????? ?????? ?????? ??????.	2007-06-01 00:00:00
1840	???? ??-?????? ???????? ?????? ??????? ??????? ??????? ????. ?????? ?????? ????? ????? ????.	2007-06-01 00:00:00
1841	??? ????-????? ????? ?????? ?????.	2007-06-01 00:00:00
1842	??? ???? ????? ????.	2007-06-01 00:00:00
1843	???? ?????,????, ????? ???, ?? ???? ???? ?????, ????? ???? ?????? ???? ??.	2007-06-01 00:00:00
1844	???? ???-????. ???? ????? ???????? ?????.	2007-06-01 00:00:00
1845	??, ??-???? ?????, ?? ????? ??????? ??????.	2007-06-01 00:00:00
1846	???? ????????? ??? ???? ?? ?????? ???? ???.	2007-06-01 00:00:00
1847	????? ?????? ?? ?????? ???????; ???? ??? ????? ?????.	2007-06-01 00:00:00
1848	???? ??????, ????? ????, ???????, ???? microfiber ?????? AWC.	2007-06-01 00:00:00
1850	???? ?????????, ??????? ????, ???-????, ?? ?????? ??????.	2007-06-01 00:00:00
1851	???? 2 ???? ??-?????? ?????? ???? ???? ????? ????, ???? ??? ?????? ?????? ???????.	2007-06-01 00:00:00
1852	????? ?????? ?????? ????? ?????? ??????; ??? ?? ???? ????? ????? ??????? ??????.	2007-06-01 00:00:00
1853	?????? ????? ????? ?????? ????; ??? ??????, ???? ??????. ????? ?? 1 ????.	2007-06-01 00:00:00
1854	???? ?????? ????? ???? ??????, ???? ???? ?????? ??????.	2007-06-01 00:00:00
1855	???	2007-06-01 00:00:00
1856	?????;???????	2007-06-01 00:00:00
1857	??????????	2007-06-01 00:00:00
1858	?????????,??????????????????,???????????,?????	2007-06-01 00:00:00
1859	?????????????????????,???????????	2007-06-01 00:00:00
1860	???????????????????,??????,??????,????????,??????!	2007-06-01 00:00:00
1861	????????????????????????????? Mountain-100 ??? HL ???	2007-06-01 00:00:00
1862	?????????????????,????? HL ???????????????????????????	2007-06-01 00:00:00
1863	???????????????????,???????	2007-06-01 00:00:00
1864	????????;????????????????????????	2007-06-01 00:00:00
1865	????????,?????????????????????????????????????????	2007-06-01 00:00:00
1866	??????????????????????,????????????????????,?????????????	2007-06-01 00:00:00
1867	???????????????????????????????,?????????????	2007-06-01 00:00:00
1868	??????????,????,??????????????????????????,???????????????????	2007-06-01 00:00:00
1869	????????????????,?????????????????????????????????????????	2007-06-01 00:00:00
1870	??????????,????????????,?????????????????????????????????????????	2007-06-01 00:00:00
1871	??????????????,???????????????????	2007-06-01 00:00:00
1872	??????????????????? Adventure Works Cycles ?????????,????????????????,?????????????	2007-06-01 00:00:00
1873	????????,?????????????????????????,????????????	2007-06-01 00:00:00
1874	???????,?????????,??????????????????????????????????????????	2007-06-01 00:00:00
1875	??????????????,?????????????????,??????????????????????,????,?????	2007-06-01 00:00:00
1876	????????	2007-06-01 00:00:00
1877	?????????	2007-06-01 00:00:00
1878	???????	2007-06-01 00:00:00
1879	????;????;?????	2007-06-01 00:00:00
1880	??????;???????????????????????	2007-06-01 00:00:00
1882	??????	2007-06-01 00:00:00
1883	????????????????????	2007-06-01 00:00:00
1884	??????????????????	2007-06-01 00:00:00
1885	?????????????????	2007-06-01 00:00:00
1886	??? ML ??????????????,?????	2007-06-01 00:00:00
1887	ML ?????????????,?????????? HL ?????????????????????	2007-06-01 00:00:00
1888	ML ?????????????,?????????? HL ?????????????????????	2007-06-01 00:00:00
1889	??????????? Bothell ????????,?????????????????????????????????????????????????	2007-06-01 00:00:00
1890	ML ?????????? HL ??????????,??????????????????????????????????	2007-06-01 00:00:00
1891	?????????????????	2007-06-01 00:00:00
1892	???????????????????	2007-06-01 00:00:00
1893	???????????	2007-06-01 00:00:00
1894	??????????????????	2007-06-01 00:00:00
1895	?????????????	2007-06-01 00:00:00
1896	????????????	2007-06-01 00:00:00
1897	????????????,???????	2007-06-01 00:00:00
1898	?????????????	2007-06-01 00:00:00
1899	???????????????????	2007-06-01 00:00:00
1900	????????,??????????	2007-06-01 00:00:00
1901	?????????????????	2007-06-01 00:00:00
1903	?????????????????????	2007-06-01 00:00:00
1904	???????;?????????????????	2007-06-01 00:00:00
1905	??????????????????????	2007-06-01 00:00:00
1906	?????????????????	2007-06-01 00:00:00
1907	?????????????????????	2007-06-01 00:00:00
1908	???????,?????	2007-06-01 00:00:00
1909	??????????????????,????????	2007-06-01 00:00:00
1910	???????????????;????????	2007-06-01 00:00:00
1911	????????????????	2007-06-01 00:00:00
1912	?????;?????	2007-06-01 00:00:00
1913	?????? – ???	2007-06-01 00:00:00
1914	????????	2007-06-01 00:00:00
1915	??????????????	2007-06-01 00:00:00
1916	????,????????	2007-06-01 00:00:00
1918	???????;?????????	2007-06-01 00:00:00
1919	?????????? 10 ???????	2007-06-01 00:00:00
1920	??????????????????	2007-06-01 00:00:00
1921	????????????????????	2007-06-01 00:00:00
1922	????????????	2007-06-01 00:00:00
1923	???????????????	2007-06-01 00:00:00
1924	????????????;?????????	2007-06-01 00:00:00
1925	????????????	2007-06-01 00:00:00
1926	??????????????????????	2007-06-01 00:00:00
1927	?????????,??????	2007-06-01 00:00:00
1928	????,?????	2007-06-01 00:00:00
1929	?????????????????????????????	2007-06-01 00:00:00
1930	??????????	2007-06-01 00:00:00
1931	???????????	2007-06-01 00:00:00
1932	????????????????????	2007-06-01 00:00:00
1933	?????????????????	2007-06-01 00:00:00
1934	????????????????	2007-06-01 00:00:00
1935	?????,????????	2007-06-01 00:00:00
1936	????????????,??????????????	2007-06-01 00:00:00
1937	??????????????	2007-06-01 00:00:00
1938	??????;??????????	2007-06-01 00:00:00
1939	????????????,?????????????????	2007-06-01 00:00:00
1940	?????????????	2007-06-01 00:00:00
1941	?????????,??????,?????????	2007-06-01 00:00:00
1942	??????	2007-06-01 00:00:00
1943	?????	2007-06-01 00:00:00
1944	?????????	2007-06-01 00:00:00
1945	??????	2007-06-01 00:00:00
1946	LL ????????????,????????????????????	2007-06-01 00:00:00
1947	ML ?????????? HL ??????????,??????????????????????????????????	2007-06-01 00:00:00
1948	???????????????????????;????????,?????????????????????????????	2007-06-01 00:00:00
1949	?????????,?????????????????????????????????	2007-06-01 00:00:00
1950	HL ??????????,????????????;??????,????,???????????	2007-06-01 00:00:00
1951	???????,???????? – ???? AAA ??	2007-06-01 00:00:00
1952	????????????;???????????	2007-06-01 00:00:00
1953	?? AWC ???????? 30 ??;?????	2007-06-01 00:00:00
1954	??????????;???;???????????	2007-06-01 00:00:00
1955	???????????????	2007-06-01 00:00:00
1956	?????????????,?????????????????	2007-06-01 00:00:00
1957	????,???????????????????????? 160psi?	2007-06-01 00:00:00
1958	?? AWC ?????,????????????????????	2007-06-01 00:00:00
1959	????????????????????????????	2007-06-01 00:00:00
1960	??????????????????????????	2007-06-01 00:00:00
1961	????????????????????????AWC???????	2007-06-01 00:00:00
1963	???????????,????????????,???????	2007-06-01 00:00:00
1964	??????????????????	2007-06-01 00:00:00
1965	????,????????	2007-06-01 00:00:00
1966	???????????? – ??????????????	2007-06-01 00:00:00
1967	?????????????,??????????????,???????????	2007-06-01 00:00:00
1968	?????????	2007-06-01 00:00:00
1969	?????????	2007-06-01 00:00:00
1970	??????????????,???????????????????	2007-06-01 00:00:00
1971	????????????????	2007-06-01 00:00:00
1972	????,????,???????	2007-06-01 00:00:00
1973	???????????????????	2007-06-01 00:00:00
1974	????,????;???	2007-06-01 00:00:00
1975	?????? AWC ????????????	2007-06-01 00:00:00
1976	??????????,????????	2007-06-01 00:00:00
1977	??? 70 ?????????,??????????	2007-06-01 00:00:00
1978	?????????????????;????????????	2007-06-01 00:00:00
1979	?????????;?????,??????????	2007-06-01 00:00:00
1980	????????????,???????????	2007-06-01 00:00:00
1981	Replacement mountain wheel for entry-level rider.	2007-06-01 00:00:00
1982	???? ???????? ????? ??????? ?? ?????? ?????? ???????? ?????????.	2007-06-01 00:00:00
1983	Roue de secours tout-terrain pour vététiste occasionnel.	2007-06-01 00:00:00
1984	???????????????????????????????????????????????	2008-03-11 10:32:17.973000000
1985	???? ????? ?????? ????? ????? ??????.	2007-06-01 00:00:00
1986	?????????????????	2007-06-01 00:00:00
1987	Replacement mountain wheel for the casual to serious rider.	2007-06-01 00:00:00
1988	???? ???????? ????? ??????? ?? ?????? ????? ???? ????? ?????? ????? ?? ?????? ?????? ??? ?????? ???????.	2007-06-01 00:00:00
1989	Roue de secours tout-terrain pour vététiste amateur à confirmé.	2007-06-01 00:00:00
1990	??????????????????????????????????????????????????????????	2008-03-11 10:32:17.973000000
1991	???? ????? ?????? ????? ????? ????? ???????.	2007-06-01 00:00:00
1992	???????????????????	2007-06-01 00:00:00
1993	High-performance mountain replacement wheel.	2007-06-01 00:00:00
1994	???? ???????? ????? ??????? ?? ?????? ????? ??????.	2007-06-01 00:00:00
1995	Roue de secours tout-terrain hautes performances.	2007-06-01 00:00:00
1996	???????????????????????????????????	2008-03-11 10:32:17.973000000
1997	???? ????? ???? ??????? ?????? ?????.	2007-06-01 00:00:00
1998	???????????	2007-06-01 00:00:00
1999	Replacement road rear wheel for entry-level cyclist.	2007-06-01 00:00:00
2000	???? ???? ?????? ????? ?????? ???????? ?????????.	2007-06-01 00:00:00
2001	Roue avant pour vélo de route pour cycliste occasionnel.	2007-06-01 00:00:00
2002	???????????????????????????????????????????????????	2008-03-11 10:32:17.973000000
2003	???? ????? ???? ?????? ???? ????? ??????.	2007-06-01 00:00:00
2004	??????????????????	2007-06-01 00:00:00
2005	Wide-link design.	2007-06-01 00:00:00
2006	????? ???? ???????.	2007-06-01 00:00:00
2007	Conception liaison large.	2007-06-01 00:00:00
2008	????????????????????????????	2007-06-01 00:00:00
2009	????? ???-??????.	2007-06-01 00:00:00
2010	??????	2007-06-01 00:00:00
